full_appl_no,fda_app_number,docs_date,pdf_url
BLA018780,018780,2020-03-23,http://www.accessdata.fda.gov/drugsatfda_docs/label/2015/018780s135s152lbl.pdf
BLA018781,018781,2020-03-23,http://www.accessdata.fda.gov/drugsatfda_docs/label/2015/018781s154lbl.pdf
BLA022472,022472,2020-03-23,http://www.accessdata.fda.gov/drugsatfda_docs/label/2015/022472s006s008lbl.pdf
NDA004782,004782,2004-11-17,http://www.accessdata.fda.gov/drugsatfda_docs/label/2004/04782S136lbl.pdf 
NDA009321,009321,2015-07-13,http://www.accessdata.fda.gov/drugsatfda_docs/label/2015/009321s028lbl.pdf
NDA010040,010040,2015-07-13,http://www.accessdata.fda.gov/drugsatfda_docs/label/2015/010040s171lbl.pdf
NDA011839,011839,2015-05-08,http://www.accessdata.fda.gov/drugsatfda_docs/label/2015/011839s079s080lbl.pdf
NDA011839,011839,2015-05-08,http://www.accessdata.fda.gov/drugsatfda_docs/label/2015/011839s079s080lbl.pdf
NDA015923,015923,2015-05-29,http://www.accessdata.fda.gov/drugsatfda_docs/label/2015/015923s091lbl.pdf
NDA016295,016295,2015-07-17,http://www.accessdata.fda.gov/drugsatfda_docs/label/2015/016295s045lbl.pdf
NDA016677,016677,2015-06-03,http://www.accessdata.fda.gov/drugsatfda_docs/label/2015/016677s150lbl.pdf
NDA017512,017512,2015-07-30,http://www.accessdata.fda.gov/drugsatfda_docs/label/2015/017512s120s121lbl.pdf
NDA017768,017768,2015-12-15,http://www.accessdata.fda.gov/drugsatfda_docs/label/2015/017768s042lbl.pdf
NDA018053,018053,2015-07-13,http://www.accessdata.fda.gov/drugsatfda_docs/label/2015/018053s055lbl.pdf
NDA018304,018304,2015-07-13,http://www.accessdata.fda.gov/drugsatfda_docs/label/2015/018304s044s045lbl.pdf
NDA018723,018723,2011-10-12,http://www.accessdata.fda.gov/drugsatfda_docs/label/2011/018723s037lbl.pdf46lbl.pdf
NDA018989,018989,2015-12-22,http://www.accessdata.fda.gov/drugsatfda_docs/label/2015/018989Orig1s084lbl.pdf
NDA019221,019221,2015-08-26,http://www.accessdata.fda.gov/drugsatfda_docs/label/2015/019221s045lbl.pdf
NDA019257,019257,2015-06-04,"http://www.accessdata.fda.gov/drugsatfda_docs/label/2015/018948s026,019257s012,020182s013lbl.pdf"
NDA019292,019292,2015-07-09,http://www.accessdata.fda.gov/drugsatfda_docs/label/2015/019292s010lbl.pdf
NDA019353,019353,2015-07-30,http://www.accessdata.fda.gov/drugsatfda_docs/label/2015/019353s019lbl.pdf
NDA019558,019558,2015-07-13,http://www.accessdata.fda.gov/drugsatfda_docs/label/2015/019558s057lbl.pdf
NDA019653,019653,2015-05-04,"http://www.accessdata.fda.gov/drugsatfda_docs/label/2015/019653s056,019697s052,021690s001lbl.pdf"
NDA019658,019658,2015-12-22,http://www.accessdata.fda.gov/drugsatfda_docs/label/2015/019658Orig1s044lbl.pdf
NDA019670,019670,2015-12-11,"http://www.accessdata.fda.gov/drugsatfda_docs/label/2015/019670Orig1s032, 020470Orig1s044lbl.pdf"
NDA019710,019710,2015-07-09,"http://www.accessdata.fda.gov/drugsatfda_docs/label/2015/019710s052,020923s018lbl.pdf"
NDA019821,019821,2015-05-21,http://www.accessdata.fda.gov/drugsatfda_docs/label/2015/019821s027lbl.pdf
NDA020080,020080,2015-06-12,http://www.accessdata.fda.gov/drugsatfda_docs/label/2015/020080s048lbl.pdf
NDA020165,020165,2015-02-17,http://www.accessdata.fda.gov/drugsatfda_docs/label/2015/020165Orig1s034lbl.pdf
NDA020165,020165,2015-11-25,http://www.accessdata.fda.gov/drugsatfda_docs/label/2015/020165Orig1s036lbl.pdf
NDA020220,020220,2015-07-09,"http://www.accessdata.fda.gov/drugsatfda_docs/label/2015/020220s041,021425s024lbl.pdf"
NDA020241,020241,2009-05-12,"http://www.accessdata.fda.gov/drugsatfda_docs/label/2009/020241s037s038,020764s030s031lbl.pdf "
NDA020241,020241,2015-05-21,"http://www.accessdata.fda.gov/drugsatfda_docs/label/2015/020241s053,020764s046,022251s017lbl.pdf"
NDA020261,020261,2006-04-05,"http://www.accessdata.fda.gov/drugsatfda_docs/label/2006/020261S037,021192S012lbl.pdf"
NDA020316,020316,2015-07-23,http://www.accessdata.fda.gov/drugsatfda_docs/label/2015/020316Orig1s028lbl.pdf
NDA020333,020333,2015-07-16,http://www.accessdata.fda.gov/drugsatfda_docs/label/2015/020333s023lbl.pdf
NDA020386,020386,2015-12-15,http://www.accessdata.fda.gov/drugsatfda_docs/label/2015/020386s054lbl.pdf
NDA020405,020405,2015-07-30,http://www.accessdata.fda.gov/drugsatfda_docs/label/2015/020405s011lbl.pdf
NDA020449,020449,2015-12-15,http://www.accessdata.fda.gov/drugsatfda_docs/label/2015/020449s075lbl.pdf
NDA020468,020468,2015-06-22,http://www.accessdata.fda.gov/drugsatfda_docs/label/2015/020468Orig1s040lbl.pdf
NDA020472,020472,2015-12-10,http://www.accessdata.fda.gov/drugsatfda_docs/label/2015/020472s012s013lbl.pdf
NDA020489,020489,2015-05-13,http://www.accessdata.fda.gov/drugsatfda_docs/label/2015/020489s033lbl.pdf
NDA020500,020500,2015-06-10,http://www.accessdata.fda.gov/drugsatfda_docs/label/2015/020500s015lbl.pdf
NDA020516,020516,2015-04-21,http://www.accessdata.fda.gov/drugsatfda_docs/label/2015/020516Orig1s030lbl.pdf
NDA020520,020520,2015-11-25,http://www.accessdata.fda.gov/drugsatfda_docs/label/2015/020520Orig1s030lbl.pdf
BLA020604,020604,2020-03-23,http://www.accessdata.fda.gov/drugsatfda_docs/label/2007/020604s044lbl.pdf
NDA020608,020608,2015-07-09,"http://www.accessdata.fda.gov/drugsatfda_docs/label/2015/018956s095,020608s031lbl.pdf"
NDA020641,020641,2015-04-21,http://www.accessdata.fda.gov/drugsatfda_docs/label/2015/020641Orig1s036lbl.pdf
NDA020665,020665,2015-07-30,http://www.accessdata.fda.gov/drugsatfda_docs/label/2015/020665s038lbl.pdf
NDA020666,020666,2015-06-12,http://www.accessdata.fda.gov/drugsatfda_docs/label/2015/020666s009lbl.pdf
NDA020699,020699,2012-12-28,"http://www.accessdata.fda.gov/drugsatfda_docs/label/2012/020699s099,s102lbl.pdf "
NDA020704,020704,2015-12-01,"http://www.accessdata.fda.gov/drugsatfda_docs/label/2015/021993Orig1s013, 020704Orig1s028lbl.pdf"
NDA020707,020707,2006-11-22,http://www.accessdata.fda.gov/drugsatfda_docs/label/2006/020707s005lbl.pdf
NDA020740,020740,2010-03-02,http://www.accessdata.fda.gov/drugsatfda_docs/nda/97/020740_baycol_toc.cfm
NDA020746,020746,2015-03-25,http://www.accessdata.fda.gov/drugsatfda_docs/label/2015/020746Orig1s032.pdf
NDA020764,020764,2009-05-12,"http://www.accessdata.fda.gov/drugsatfda_docs/label/2009/020241s037s038,020764s030s031lbl.pdf "
NDA020764,020764,2015-05-21,"http://www.accessdata.fda.gov/drugsatfda_docs/label/2015/020241s053,020764s046,022251s017lbl.pdf"
NDA020786,020786,2015-06-19,"http://www.accessdata.fda.gov/drugsatfda_docs/label/2015/020786Orig1s033, 021704Orig1s017lbl.pdf"
NDA020834,020834,2015-04-29,http://www.accessdata.fda.gov/drugsatfda_docs/label/2015/020834Orig1s014lbl.pdf
NDA020837,020837,2015-04-14,http://www.accessdata.fda.gov/drugsatfda_docs/label/2015/020837s043lbledt.pdf
NDA020839,020839,2002-02-27,http://www.accessdata.fda.gov/drugsatfda_docs/nda/2002/20-839s019_ClopidogrelPlavix.htm
NDA020839,020839,2015-07-17,http://www.accessdata.fda.gov/drugsatfda_docs/label/2015/020839s061lbl.pdf
NDA020845,020845,1999-12-23,http://www.accessdata.fda.gov/drugsatfda_docs/label/1999/20845lbl.htm
NDA020863,020863,2004-06-14,http://www.accessdata.fda.gov/drugsatfda_docs/label/1999/cilo_label.htm
NDA020863,020863,2015-08-04,http://www.accessdata.fda.gov/drugsatfda_docs/label/2015/020863s023lbl.pdf
NDA020918,020918,2015-12-15,http://www.accessdata.fda.gov/drugsatfda_docs/label/2015/020918s043lbl.pdf
NDA020937,020937,2014-11-26,http://www.accessdata.fda.gov/drugsatfda_docs/2014/020937s02420975s2520976s26lbl.pdf
NDA020941,020941,2015-02-17,http://www.accessdata.fda.gov/drugsatfda_docs/label/2015/020941Orig1s011lbl.pdf
NDA021015,021015,2015-05-13,http://www.accessdata.fda.gov/drugsatfda_docs/label/2015/021015s040lbl.pdf
NDA021035,021035,2009-05-13,"http://www.accessdata.fda.gov/drugsatfda_docs/label/2009/021035s078s080,021505s021s024lbl.pdf "
NDA021086,021086,2015-07-24,"http://www.accessdata.fda.gov/drugsatfda_docs/label/2015/020592s064,021086s042,021253s049lbl.pdf"
NDA021110,021110,2015-06-01,"http://www.accessdata.fda.gov/drugsatfda_docs/label/2015/021083s055,021110s073lbl.pdf"
NDA021130,021130,2015-06-10,"http://www.accessdata.fda.gov/drugsatfda_docs/label/2015/021130s030,021131s029,021132s034lbl.pdf"
NDA021132,021132,2015-06-10,"http://www.accessdata.fda.gov/drugsatfda_docs/label/2015/021130s030,021131s029,021132s034lbl.pdf"
NDA021168,021168,2015-04-21,http://www.accessdata.fda.gov/drugsatfda_docs/label/2015/021168Orig1s030lbl.pdf
NDA021176,021176,2007-08-30,http://www.accessdata.fda.gov/drugsatfda_docs/label/2007/021176s019lbl.pdf
NDA021196,021196,2016-02-24,http://www.accessdata.fda.gov/scripts/cder/rems/index.cfm?event=IndvRemsDetails.page&REMS=345
NDA021217,021217,2015-06-04,http://www.accessdata.fda.gov/drugsatfda_docs/label/2015/021217s009lbl.pdf
NDA021241,021241,2015-08-04,http://www.accessdata.fda.gov/drugsatfda_docs/label/2015/021241s025lbl.pdf
NDA021266,021266,2006-03-22,"http://www.accessdata.fda.gov/drugsatfda_docs/label/2006/021630s008,021267s015,021266s015lbl.pdf "
NDA021267,021267,2006-03-22,"http://www.accessdata.fda.gov/drugsatfda_docs/label/2006/021630s008,021267s015,021266s015lbl.pdf "
NDA021269,021269,2015-06-11,http://www.accessdata.fda.gov/drugsatfda_docs/label/2015/021269s017lbl.pdf
NDA021277,021277,2015-06-05,"http://www.accessdata.fda.gov/drugsatfda_docs/label/2015/021085s060,021277s056lbl.pdf"
NDA021283,021283,2015-07-30,http://www.accessdata.fda.gov/drugsatfda_docs/label/2015/021283s046lbl.pdf
NDA021307,021307,2015-12-22,http://www.accessdata.fda.gov/drugsatfda_docs/label/2015/021307Orig1s015lbl.pdf
NDA021330,021330,2015-05-20,http://www.accessdata.fda.gov/drugsatfda_docs/label/2015/021330Orig1s018lbl.pdf
NDA021338,021338,2015-05-06,http://www.accessdata.fda.gov/drugsatfda_docs/label/2015/021338s005lbl.pdf
NDA021351,021351,2015-07-13,http://www.accessdata.fda.gov/drugsatfda_docs/label/2015/021351s016lbl.pdf
NDA021355,021355,2015-07-01,http://www.accessdata.fda.gov/drugsatfda_docs/label/2015/021355s006lbl.pdf
NDA021395,021395,2015-12-15,http://www.accessdata.fda.gov/drugsatfda_docs/label/2015/021395s040lbl.pdf
NDA021411,021411,2015-05-29,http://www.accessdata.fda.gov/drugsatfda_docs/label/2015/021411s046lbl.pdf
NDA021427,021427,2015-06-19,http://www.accessdata.fda.gov/drugsatfda_docs/label/2015/021427s046lbl.pdf
NDA021454,021454,2015-05-13,http://www.accessdata.fda.gov/drugsatfda_docs/label/2015/021454s023lbl.pdf
NDA021537,021537,2015-12-15,http://www.accessdata.fda.gov/drugsatfda_docs/label/2015/021537s012lbl.pdf
NDA021546,021546,2015-05-27,"http://www.accessdata.fda.gov/drugsatfda_docs/label/2015/020903s053,021546s009lbl.pdf"
NDA021548,021548,2015-07-22,"http://www.accessdata.fda.gov/drugsatfda_docs/label/2015/021548s035,022116s019lbl.pdf"
NDA021586,021586,2015-06-19,http://www.accessdata.fda.gov/drugsatfda_docs/label/2015/021586Orig1s005lbl.pdf
NDA021648,021648,2015-07-30,http://www.accessdata.fda.gov/drugsatfda_docs/label/2015/021648s008lbl.pdf
NDA021690,021690,2015-05-04,"http://www.accessdata.fda.gov/drugsatfda_docs/label/2015/019653s056,019697s052,021690s001lbl.pdf"
BLA018780,018780,2020-03-23,http://www.accessdata.fda.gov/drugsatfda_docs/label/2015/018780s135s152lbl.pdf
BLA018781,018781,2020-03-23,http://www.accessdata.fda.gov/drugsatfda_docs/label/2015/018781s156lbl.pdf
NDA021698,021698,2015-12-22,http://www.accessdata.fda.gov/drugsatfda_docs/label/2015/021698Orig1s019lbl.pdf
NDA021704,021704,2015-06-19,"http://www.accessdata.fda.gov/drugsatfda_docs/label/2015/020786Orig1s033, 021704Orig1s017lbl.pdf"
NDA021720,021720,2015-07-22,"http://www.accessdata.fda.gov/drugsatfda_docs/label/2015/020690s039,021720s012,022568s008lbl.pdf"
NDA021730,021730,2015-03-17,http://www.accessdata.fda.gov/drugsatfda_docs/label/2015/021730s036lbl.pdf
NDA021743,021743,2015-04-29,http://www.accessdata.fda.gov/drugsatfda_docs/label/2015/021743s021lbl.pdf
NDA021882,021882,2015-07-24,http://www.accessdata.fda.gov/drugsatfda_docs/label/2015/021882s021lbl.pdf
NDA021891,021891,2016-02-11,http://www.accessdata.fda.gov/drugsatfda_docs/label/2015/021891Orig1s020lbl.pdf
NDA021894,021894,2015-06-04,http://www.accessdata.fda.gov/drugsatfda_docs/label/2015/021894s010lbl.pdf
NDA021926,021926,2015-05-21,http://www.accessdata.fda.gov/drugsatfda_docs/label/2015/021926s011s012lbl.pdf
NDA021985,021985,2015-12-28,http://www.accessdata.fda.gov/drugsatfda_docs/label/2015/021985s028lbl.pdf
NDA021990,021990,2015-07-30,http://www.accessdata.fda.gov/drugsatfda_docs/label/2015/021990s026lbl.pdf
NDA021996,021996,2015-02-17,http://www.accessdata.fda.gov/drugsatfda_docs/label/2015/021996Orig1s008lbl.pdf
NDA022003,022003,2015-07-22,http://www.accessdata.fda.gov/drugsatfda_docs/label/2015/022003Orig1s016lbl.pdf
NDA022006,022006,2015-11-04,http://www.accessdata.fda.gov/drugsatfda_docs/label/2015/022006Orig1s017lbl.pdf
NDA022015,022015,2015-11-04,http://www.accessdata.fda.gov/drugsatfda_docs/label/2015/022015Orig1s023lbl.pdf
NDA022015,022015,2015-11-19,http://www.accessdata.fda.gov/drugsatfda_docs/label/2015/022015Orig1s024lbl.pdf
NDA022032,022032,2015-06-19,http://www.accessdata.fda.gov/drugsatfda_docs/label/2015/022032Orig1s029lbll.pdf
NDA022117,022117,2015-03-17,http://www.accessdata.fda.gov/drugsatfda_docs/label/2015/022117s017s018s019lbl.pdf
NDA022173,022173,2015-07-24,http://www.accessdata.fda.gov/drugsatfda_docs/label/2015/022173s017lbl.pdf
NDA022251,022251,2015-05-21,"http://www.accessdata.fda.gov/drugsatfda_docs/label/2015/020241s053,020764s046,022251s017lbl.pdf"
NDA022253,022253,2015-07-13,"http://www.accessdata.fda.gov/drugsatfda_docs/label/2015/022253s030,022254s022,022255s016lbl.pdf"
NDA022255,022255,2015-07-13,"http://www.accessdata.fda.gov/drugsatfda_docs/label/2015/022253s030,022254s022,022255s016lbl.pdf"
NDA022264,022264,2015-06-11,http://www.accessdata.fda.gov/drugsatfda_docs/label/2015/022264s018lbl.pdf
NDA022279,022279,2015-05-20,http://www.accessdata.fda.gov/drugsatfda_docs/label/2015/022279Orig1s000lbl.pdf
NDA022281,022281,2015-07-10,http://www.accessdata.fda.gov/drugsatfda_docs/label/2015/022281s008lbl.pdf
NDA022291,022291,2015-06-12,http://www.accessdata.fda.gov/drugsatfda_docs/label/2015/022291s015lbl.pdf
NDA022314,022314,2015-07-30,http://www.accessdata.fda.gov/drugsatfda_docs/label/2015/022314s020lbl.pdf
NDA022473,022473,2015-05-12,"http://www.accessdata.fda.gov/drugsatfda_docs/label/2015/021845s016,022473s010,203109s009lbl.pdf"
NDA022503,022503,2015-06-04,http://www.accessdata.fda.gov/drugsatfda_docs/label/2015/022503s000lbl.pdf
NDA022504,022504,2015-05-13,http://www.accessdata.fda.gov/drugsatfda_docs/label/2015/022504s012lbl.pdf
NDA022512,022512,2015-09-21,http://www.accessdata.fda.gov/drugsatfda_docs/label/2015/022512Orig1s031lbl.pdf
NDA022527,022527,2015-07-06,http://www.accessdata.fda.gov/drugsatfda_docs/label/2015/022527s016lbl.pdf
NDA022545,022545,2015-12-28,http://www.accessdata.fda.gov/drugsatfda_docs/label/2015/022545s017lbl.pdf
NDA022560,022560,2012-03-22,http://www.accessdata.fda.gov/drugsatfda_docs/label/2011/022560s001lbl.pdf
NDA022560,022560,2012-03-22,http://www.accessdata.fda.gov/drugsatfda_docs/label/2011/022560s001lbl.pdf
ANDA040298,040298,1998-12-28,http://www.accessdata.fda.gov/drugsatfda_docs/label/1998/40298lbl.pdf
NDA050278,050278,2015-05-12,http://www.accessdata.fda.gov/drugsatfda_docs/label/2015/050278s037lbl.pdf
NDA050671,050671,2015-12-28,http://www.accessdata.fda.gov/drugsatfda_docs/label/2015/050671s022lbl.pdf
NDA050680,050680,2015-07-16,"http://www.accessdata.fda.gov/drugsatfda_docs/label/2015/050680s011,050767s012lbl.pdf"
NDA050684,050684,2015-12-29,"http://www.accessdata.fda.gov/drugsatfda_docs/label/2015/050684s083,050750s033lbl.pdf"
NDA050703,050703,2015-05-21,http://www.accessdata.fda.gov/drugsatfda_docs/label/2015/050703s016lbl.pdf
NDA050708,050708,2015-05-21,"http://www.accessdata.fda.gov/drugsatfda_docs/label/2015/050708s045,050709s038lbl.pdf"
NDA050739,050739,2015-11-19,"http://www.accessdata.fda.gov/drugsatfda_docs/label/2015/050739s017,050749s023lbl.pdf"
NDA050746,050746,2015-12-15,http://www.accessdata.fda.gov/drugsatfda_docs/label/2015/050746s020lbl.pdf
NDA050758,050758,2015-07-13,"http://www.accessdata.fda.gov/drugsatfda_docs/label/2015/050722s033,050723s032,050758s030,050759s038lbl.pdf"
ANDA076657,076657,2015-07-17,http://www.accessdata.fda.gov/drugsatfda_docs/label/2015/076657s017s021s025lbl.pdf
ANDA078936,078936,2015-08-04,http://www.accessdata.fda.gov/drugsatfda_docs/label/2015/078936Orig1s000lbl.pdf
ANDA085635,085635,2015-05-12,http://www.accessdata.fda.gov/drugsatfda_docs/label/2015/085635s030lbl.pdf
ANDA090449,090449,2015-07-23,http://www.accessdata.fda.gov/drugsatfda_docs/label/2015/090449Orig1s000lbl.pdf
ANDA090811,090811,2015-07-16,http://www.accessdata.fda.gov/drugsatfda_docs/label/2015/090811s000lbl.pdf
ANDA091517,091517,2015-04-27,http://www.accessdata.fda.gov/drugsatfda_docs/label/2015/091517Orig1lbl.pdf
BLA103353,103353,2015-08-04,http://www.accessdata.fda.gov/drugsatfda_docs/label/2015/103353s5186lbl.pdf
BLA103795,103795,2004-09-22,http://www.accessdata.fda.gov/drugsatfda_docs/label/2000/etanimm060600lb.txt
BLA103949,103949,2015-05-27,http://www.accessdata.fda.gov/drugsatfda_docs/label/2015/103949s5297lbl.pdf
BLA103949,103949,2015-05-14,http://www.accessdata.fda.gov/drugsatfda_docs/label/2015/103949s5298lbl.pdf
BLA103951,103951,2004-01-21,http://www.accessdata.fda.gov/drugsatfda_docs/label/2001/darbamg091701LB.htm
BLA103951,103951,2011-06-24,http://www.accessdata.fda.gov/drugsatfda_docs/label/2011/http://www.accessdata.fda.gov/drugsatfda_docs/label/2011/103951Orig1s5173_103951Orig1s5258lbl.pdf
BLA103964,103964,2004-03-25,http://www.accessdata.fda.gov/drugsatfda_docs/label/2002/pegihof120302LB.htm
BLA125290,125290,2015-12-28,http://www.accessdata.fda.gov/drugsatfda_docs/label/2015/125290s063lbl.pdf
BLA125293,125293,2015-07-22,http://www.accessdata.fda.gov/drugsatfda_docs/label/2015/125293s081lbl.pdf
BLA125320,125320,2015-06-10,http://www.accessdata.fda.gov/drugsatfda_docs/label/2015/125320s168lbl.pdf
BLA125338,125338,2015-05-21,http://www.accessdata.fda.gov/drugsatfda_docs/label/2015/125338s085s087s088lbl.pdf
BLA125338,125338,2015-05-21,http://www.accessdata.fda.gov/drugsatfda_docs/label/2015/125338s085s087s088lbl.pdf
BLA125387,125387,2015-08-04,http://www.accessdata.fda.gov/drugsatfda_docs/label/2015/125387s036lbl.pdf
BLA125409,125409,2015-06-04,http://www.accessdata.fda.gov/drugsatfda_docs/label/2015/125409s105lbl.pdf
BLA125499,125499,2015-12-28,http://www.accessdata.fda.gov/drugsatfda_docs/label/2015/125499s009lbl.pdf
NDA200045,200045,2015-12-28,http://www.accessdata.fda.gov/drugsatfda_docs/label/2015/200045s017lbl.pdf
NDA200671,200671,2015-12-10,http://www.accessdata.fda.gov/drugsatfda_docs/label/2015/200671s002lbl.pdf
NDA201023,201023,2015-06-19,http://www.accessdata.fda.gov/drugsatfda_docs/label/2015/201023s015lbl.pdf
NDA201280,201280,2015-07-30,http://www.accessdata.fda.gov/drugsatfda_docs/label/2015/201280s011lbl.pdf
NDA201281,201281,2015-07-30,http://www.accessdata.fda.gov/drugsatfda_docs/label/2015/201281s008lbl.pdf
NDA201292,201292,2015-12-31,http://www.accessdata.fda.gov/drugsatfda_docs/label/2015/201292s008lbl.pdf
NDA202100,202100,2015-07-22,http://www.accessdata.fda.gov/drugsatfda_docs/label/2015/202100Orig1s005lbl.pdf
ANDA202102,202102,2015-04-29,http://www.accessdata.fda.gov/drugsatfda_docs/label/2015/202102s000lbl.pdf
NDA202123,202123,2015-05-12,http://www.accessdata.fda.gov/drugsatfda_docs/label/2015/202123s020lbl.pdf
NDA202155,202155,2015-06-19,http://www.accessdata.fda.gov/drugsatfda_docs/label/2015/202155s010lbl.pdf
BLA019717,019717,2020-03-23,http://www.accessdata.fda.gov/drugsatfda_docs/label/2015/019717s135lbl.pdf
BLA019774,019774,2020-03-23,http://www.accessdata.fda.gov/drugsatfda_docs/label/2015/019774s031lbl.pdf
ANDA202240,202240,2015-06-19,http://www.accessdata.fda.gov/drugsatfda_docs/label/2015/202240Orig1s000lbl.pdf
NDA202293,202293,2015-03-17,http://www.accessdata.fda.gov/drugsatfda_docs/label/2015/202293s002lbl.pdf
ANDA202309,202309,2015-12-11,http://www.accessdata.fda.gov/drugsatfda_docs/label/2015/202309Orig1s000lbl.pdf
NDA202379,202379,2015-05-27,http://www.accessdata.fda.gov/drugsatfda_docs/label/2015/202379s018lbl.pdf
NDA202379,202379,2015-12-15,http://www.accessdata.fda.gov/drugsatfda_docs/label/2015/202379s021lbl.pdf
NDA202513,202513,2015-07-13,http://www.accessdata.fda.gov/drugsatfda_docs/label/2015/202513s005lbl.pdf
ANDA202573,202573,2015-02-17,http://www.accessdata.fda.gov/drugsatfda_docs/label/2015/202573Orig1s000lbl.pdf
ANDA202688,202688,2015-10-15,http://www.accessdata.fda.gov/drugsatfda_docs/label/2015/202688Orig1s000lbl.pdf
ANDA202784,202784,2015-11-25,http://www.accessdata.fda.gov/drugsatfda_docs/label/2015/202784Orig1s000lbl.pdf
NDA202834,202834,2015-06-23,http://www.accessdata.fda.gov/drugsatfda_docs/label/2015/202834s005lbl.pdf
NDA202895,202895,2015-05-29,"http://www.accessdata.fda.gov/drugsatfda_docs/label/2015/021976s036,202895s013lbl.pdf"
ANDA203039,203039,2015-12-01,http://www.accessdata.fda.gov/drugsatfda_docs/label/2015/203039Orig1s000lbl.pdf
NDA203109,203109,2015-05-12,"http://www.accessdata.fda.gov/drugsatfda_docs/label/2015/021845s016,022473s010,203109s009lbl.pdf"
ANDA203152,203152,2015-12-11,http://www.accessdata.fda.gov/drugsatfda_docs/label/2015/203152Orig1s000lbl.pdf
NDA203188,203188,2015-01-09,http://www.accessdata.fda.gov/drugsatfda_docs/label/2014/203188s014s015lbl.pdf
NDA203388,203388,2015-05-27,http://www.accessdata.fda.gov/drugsatfda_docs/label/2015/203388s005s006s007s008lbl.pdf
NDA203388,203388,2015-05-27,http://www.accessdata.fda.gov/drugsatfda_docs/label/2015/203388s005s006s007s008lbl.pdf
NDA204242,204242,2015-06-10,http://www.accessdata.fda.gov/drugsatfda_docs/label/2015/204242s006lbl.pdf
NDA204384,204384,2015-05-21,http://www.accessdata.fda.gov/drugsatfda_docs/label/2015/204384s005lbl.pdf
NDA204384,204384,2015-12-15,http://www.accessdata.fda.gov/drugsatfda_docs/label/2015/204384s006lbl.pdf
ANDA204421,204421,2015-11-04,http://www.accessdata.fda.gov/drugsatfda_docs/label/2015/204421Orig1s000lbl.pdf
ANDA204431,204431,2015-11-25,http://www.accessdata.fda.gov/drugsatfda_docs/label/2015/204431Orig1s000lbl.pdf
NDA204485,204485,2015-05-07,http://www.accessdata.fda.gov/drugsatfda_docs/label/2015/204485Orig1s002lbl.pdf
NDA204629,204629,2015-07-01,http://www.accessdata.fda.gov/drugsatfda_docs/label/2015/204629s001s002s003lbl.pdf
NDA204655,204655,2015-06-03,http://www.accessdata.fda.gov/drugsatfda_docs/label/2015/204655Orig1s002lbl.pdf
NDA205065,205065,2016-04-08,http://www.accessdata.fda.gov/drugsatfda_docs/label/2015/205065s001lbl.pdf
NDA205352,205352,2015-07-22,http://www.accessdata.fda.gov/drugsatfda_docs/label/2015/205352Orig1s004lbl.pdf
NDA205352,205352,2015-08-26,http://www.accessdata.fda.gov/drugsatfda_docs/label/2015/205352Orig1s005lbl.pdf
ANDA205379,205379,2015-11-25,http://www.accessdata.fda.gov/drugsatfda_docs/label/2015/205379Orig1s000lbl.pdf
NDA205434,205434,2015-12-09,http://www.accessdata.fda.gov/drugsatfda_docs/label/2015/205434s003lbl.pdf
NDA205437,205437,2015-12-28,http://www.accessdata.fda.gov/drugsatfda_docs/label/2015/205437s005lbl.pdf
NDA205488,205488,2015-05-13,http://www.accessdata.fda.gov/drugsatfda_docs/label/2015/205488s001lbl.pdf
NDA205718,205718,2015-05-06,http://www.accessdata.fda.gov/drugsatfda_docs/label/2015/205718s002lbl.pdf
NDA205755,205755,2015-07-24,http://www.accessdata.fda.gov/drugsatfda_docs/label/2015/205755s003s004lbl.pdf
NDA205776,205776,2015-08-25,http://www.accessdata.fda.gov/drugsatfda_docs/label/2015/205776s001lbl.pdf
NDA205831,205831,2015-05-12,http://www.accessdata.fda.gov/drugsatfda_docs/label/2015/205831s000lbl.pdf
NDA205874,205874,2015-07-22,http://www.accessdata.fda.gov/drugsatfda_docs/label/2015/205874s004lbl.pdf
NDA206352,206352,2015-12-10,"http://www.accessdata.fda.gov/drugsatfda_docs/label/2015/206352s003,021567s038lbl.pdf"
ANDA206448,206448,2015-11-25,http://www.accessdata.fda.gov/drugsatfda_docs/label/2015/206448Orig1s000lbl.pdf
NDA206619,206619,2015-07-22,http://www.accessdata.fda.gov/drugsatfda_docs/label/2015/206619s005lbl.pdf
NDA206995,206995,2015-07-13,http://www.accessdata.fda.gov/drugsatfda_docs/label/2015/206995s000lbl.pdf
NDA207768,207768,2015-05-06,http://www.accessdata.fda.gov/drugsatfda_docs/label/2015/207768lbl.pdf
NDA207946,207946,2015-05-20,http://www.accessdata.fda.gov/drugsatfda_docs/label/2015/207946s000lbl.pdf
NDA208434,208434,2015-12-11,http://www.accessdata.fda.gov/drugsatfda_docs/label/2015/208434s000lbl.pdf
BLA761036,761036,2015-11-19,http://www.accessdata.fda.gov/drugsatfda_docs/label/2015/761036Orig1s000lbledt.pdf
BLA020280,020280,2020-03-23,http://www.accessdata.fda.gov/drugsatfda_docs/label/2015/020280s078lbl.pdf
BLA020563,020563,2020-03-23,http://www.accessdata.fda.gov/drugsatfda_docs/label/2015/020563s163lbl.pdf
BLA021081,021081,2020-03-23,http://www.accessdata.fda.gov/drugsatfda_docs/label/2015/021081s063lbl.pdf
BLA021148,021148,2020-03-23,http://www.accessdata.fda.gov/drugsatfda_docs/label/2015/021148s044lbl.pdf
BLA022472,022472,2020-03-23,http://www.accessdata.fda.gov/drugsatfda_docs/label/2015/022472s006s008lbl.pdf
NDA008372,008372,2015-05-08,http://www.accessdata.fda.gov/drugsatfda_docs/label/2015/008372s044lbl.pdf
NDA009165,009165,2015-05-13,http://www.accessdata.fda.gov/drugsatfda_docs/label/2015/009165s033lbl.pdf
NDA009330,009330,2015-07-30,http://www.accessdata.fda.gov/drugsatfda_docs/label/2015/009330s030lbl.pdf
NDA012541,012541,2015-06-12,http://www.accessdata.fda.gov/drugsatfda_docs/label/2015/012541s083lbl.pdf
NDA012623,012623,2015-07-16,http://www.accessdata.fda.gov/drugsatfda_docs/label/2015/012623s066lbl.pdf
NDA013295,013295,2015-07-09,"http://www.accessdata.fda.gov/drugsatfda_docs/label/2015/013295s068,016983s035lbl.pdf"
NDA016295,016295,2015-07-17,http://www.accessdata.fda.gov/drugsatfda_docs/label/2015/016295s046lbl.pdf
NDA016983,016983,2015-07-09,"http://www.accessdata.fda.gov/drugsatfda_docs/label/2015/013295s068,016983s035lbl.pdf"
NDA017243,017243,2015-05-06,http://www.accessdata.fda.gov/drugsatfda_docs/label/2015/017243Orig1s046lbl.pdf
NDA017498,017498,2015-05-27,http://www.accessdata.fda.gov/drugsatfda_docs/label/2015/017498s032lbl.pdf
NDA017512,017512,2015-07-30,http://www.accessdata.fda.gov/drugsatfda_docs/label/2015/017512s120s121lbl.pdf
NDA018304,018304,2015-07-13,http://www.accessdata.fda.gov/drugsatfda_docs/label/2015/018304s044s045lbl.pdf
NDA018343,018343,2015-06-22,http://www.accessdata.fda.gov/drugsatfda_docs/label/2015/018343s086lbl.pdf
NDA018353,018353,2015-07-16,http://www.accessdata.fda.gov/drugsatfda_docs/label/2015/018353s027lbl.pdf
NDA018422,018422,2003-04-14,http://www.accessdata.fda.gov/drugsatfda_docs/label/2001/18422s40s41lbl.pdf 
NDA018657,018657,2015-07-16,http://www.accessdata.fda.gov/drugsatfda_docs/label/2015/018657s034lbl.pdf
NDA018735,018735,2015-07-09,"http://www.accessdata.fda.gov/drugsatfda_docs/label/2015/018735s056,020327s010lbl.pdf"
NDA018890,018890,2015-07-16,http://www.accessdata.fda.gov/drugsatfda_docs/label/2015/018890s050lbl.pdf
NDA018900,018900,2015-12-10,http://www.accessdata.fda.gov/drugsatfda_docs/label/2015/018900s031lbl.pdf
NDA018900,018900,2015-07-16,http://www.accessdata.fda.gov/drugsatfda_docs/label/2015/018900s032lbl.pdf
NDA018905,018905,2015-07-09,http://www.accessdata.fda.gov/drugsatfda_docs/label/2015/018905s024lbl.pdf
NDA018948,018948,2015-06-04,"http://www.accessdata.fda.gov/drugsatfda_docs/label/2015/018948s026,019257s012,020182s013lbl.pdf"
NDA018956,018956,2015-07-09,"http://www.accessdata.fda.gov/drugsatfda_docs/label/2015/018956s095,020608s031lbl.pdf"
NDA019697,019697,2015-05-04,"http://www.accessdata.fda.gov/drugsatfda_docs/label/2015/019653s056,019697s052,021690s001lbl.pdf"
NDA019777,019777,2004-01-02,"http://www.accessdata.fda.gov/drugsatfda_docs/label/2003/19777se5-044,slr042_zestril_lbl.pdf "
NDA020051,020051,2015-05-27,http://www.accessdata.fda.gov/drugsatfda_docs/label/2015/020051s021lbl.pdf
NDA020182,020182,2015-06-04,"http://www.accessdata.fda.gov/drugsatfda_docs/label/2015/018948s026,019257s012,020182s013lbl.pdf"
NDA020216,020216,2015-12-31,http://www.accessdata.fda.gov/drugsatfda_docs/label/2015/020216s081lbl.pdf
NDA020327,020327,2015-07-09,"http://www.accessdata.fda.gov/drugsatfda_docs/label/2015/018735s056,020327s010lbl.pdf"
NDA020334,020334,2015-07-16,http://www.accessdata.fda.gov/drugsatfda_docs/label/2015/020334s009lbl.pdf
NDA020351,020351,2015-07-09,"http://www.accessdata.fda.gov/drugsatfda_docs/label/2015/020351s043,020808s024lbl.pdf"
NDA020364,020364,2015-05-21,http://www.accessdata.fda.gov/drugsatfda_docs/label/2015/020364s061lbl.pdf
NDA020387,020387,2015-12-15,http://www.accessdata.fda.gov/drugsatfda_docs/label/2015/020387s047lbl.pdf
NDA020402,020402,2015-12-22,http://www.accessdata.fda.gov/drugsatfda_docs/label/2015/020402Orig1s040lbl.pdf
NDA020408,020408,2006-01-05,http://www.accessdata.fda.gov/drugsatfda_docs/label/2005/020408s039lbl.pdf 
NDA020450,020450,2015-06-10,http://www.accessdata.fda.gov/drugsatfda_docs/label/2015/020450s028lbl.pdf
NDA020457,020457,2015-08-04,http://www.accessdata.fda.gov/drugsatfda_docs/label/2015/020457s014lbl.pdf
NDA020470,020470,2015-12-11,"http://www.accessdata.fda.gov/drugsatfda_docs/label/2015/019670Orig1s032, 020470Orig1s044lbl.pdf"
NDA020472,020472,2015-12-10,http://www.accessdata.fda.gov/drugsatfda_docs/label/2015/020472s012s013lbl.pdf
NDA020520,020520,2015-02-17,http://www.accessdata.fda.gov/drugsatfda_docs/label/2015/020520Orig1s028lbl_corrected.pdf
NDA020592,020592,2015-07-24,"http://www.accessdata.fda.gov/drugsatfda_docs/label/2015/020592s064,021086s042,021253s049lbl.pdf"
NDA020641,020641,2015-11-25,http://www.accessdata.fda.gov/drugsatfda_docs/label/2015/020641Orig1s038lbl.pdf
NDA020671,020671,2015-06-04,http://www.accessdata.fda.gov/drugsatfda_docs/label/2015/020671s021lbl.pdf
NDA020690,020690,2015-07-22,"http://www.accessdata.fda.gov/drugsatfda_docs/label/2015/020690s039,021720s012,022568s008lbl.pdf"
NDA020702,020702,2015-03-17,http://www.accessdata.fda.gov/drugsatfda_docs/label/2015/020702s065lbl.pdf
NDA020764,020764,2009-05-12,"http://www.accessdata.fda.gov/drugsatfda_docs/label/2009/020241s037s038,020764s030s031lbl.pdf "
NDA020789,020789,2015-07-14,http://www.accessdata.fda.gov/drugsatfda_docs/label/2015/020789s021lbl.pdf
NDA020789,020789,2009-05-13,http://www.accessdata.fda.gov/drugsatfda_docs/label/2009/020789s022s025lbl.pdf 
NDA020808,020808,2015-07-09,"http://www.accessdata.fda.gov/drugsatfda_docs/label/2015/020351s043,020808s024lbl.pdf"
NDA020818,020818,2015-07-30,http://www.accessdata.fda.gov/drugsatfda_docs/label/2015/020818s066lbl.pdf
NDA020830,020830,2009-08-28,http://www.accessdata.fda.gov/drugsatfda_docs/2009/020829s051_020830s052_021409s028lbl.pdf
NDA020868,020868,2015-07-16,http://www.accessdata.fda.gov/drugsatfda_docs/label/2015/020868s011lbl.pdf
NDA020870,020870,2015-05-08,http://www.accessdata.fda.gov/drugsatfda_docs/label/2015/020870s019lbl.pdf
NDA020903,020903,2015-05-27,"http://www.accessdata.fda.gov/drugsatfda_docs/label/2015/020903s053,021546s009lbl.pdf"
NDA020923,020923,2015-07-09,"http://www.accessdata.fda.gov/drugsatfda_docs/label/2015/019710s052,020923s018lbl.pdf"
NDA021006,021006,2009-04-23,http://www.accessdata.fda.gov/drugsatfda_docs/label/2009/021006s006s009s010lbl.pdf 
NDA021024,021024,2015-07-23,http://www.accessdata.fda.gov/drugsatfda_docs/label/2015/021024s013lbl.pdf
NDA021042,021042,2002-04-11,http://www.accessdata.fda.gov/drugsatfda_docs/nda/2002/21-042s007_Vioxx.htm
NDA021083,021083,2015-06-01,"http://www.accessdata.fda.gov/drugsatfda_docs/label/2015/021083s055,021110s073lbl.pdf"
NDA021085,021085,2015-06-05,"http://www.accessdata.fda.gov/drugsatfda_docs/label/2015/021085s060,021277s056lbl.pdf"
NDA021113,021113,2002-03-04,http://www.accessdata.fda.gov/drugsatfda_docs/nda/2002/21-113_Pamidronate.htm
NDA021131,021131,2015-06-10,"http://www.accessdata.fda.gov/drugsatfda_docs/label/2015/021130s030,021131s029,021132s034lbl.pdf"
NDA021132,021132,2008-06-26,"http://www.accessdata.fda.gov/drugsatfda_docs/label/2008/021130s016,s017,021131s013,s014,021132s014,s015ltr.pdf"
NDA021183,021183,2000-10-31,http://www.accessdata.fda.gov/drugsatfda_docs/label/2000/21183lbl1.pdf
NDA021187,021187,2013-10-08,http://www.accessdata.fda.gov/drugsatfda_docs/label/2013/021187s021lbl.pdf
NDA021192,021192,2002-09-06,"http://www.accessdata.fda.gov/drugsatfda_docs/label/2002/20261s32,21192s4lbl.pdf"
NDA021192,021192,2006-04-05,"http://www.accessdata.fda.gov/drugsatfda_docs/label/2006/020261S037,021192S012lbl.pdf"
NDA021192,021192,2007-06-14,"http://www.accessdata.fda.gov/drugsatfda_docs/label/2007/020261s039,021192s013lbl.pdf"
NDA021192,021192,2011-06-28,"http://www.accessdata.fda.gov/drugsatfda_docs/label/2011/020261s042,021192s016lbl.pdf"
NDA021192,021192,2012-02-28,http://www.accessdata.fda.gov/drugsatfda_docs/label/2012/021192s019lbl.pdf
NDA021192,021192,2012-11-06,"http://www.accessdata.fda.gov/drugsatfda_docs/label/2012/020261s048,021192s021lbl.pdf"
NDA021200,021200,2002-07-24,http://www.accessdata.fda.gov/drugsatfda_docs/label/2002/21200lbl.pdf 
NDA021223,021223,2015-06-11,http://www.accessdata.fda.gov/drugsatfda_docs/label/2015/021223s032lbl.pdf
NDA021226,021226,2015-07-01,http://www.accessdata.fda.gov/drugsatfda_docs/label/2015/021226s040lbl.pdf
NDA021229,021229,2015-07-02,http://www.accessdata.fda.gov/drugsatfda_docs/label/2015/021229Orig1s026lbl.pdf
NDA021251,021251,2015-07-01,"http://www.accessdata.fda.gov/drugsatfda_docs/label/2015/021906s042,021251s049lbl.pdf"
NDA021253,021253,2015-07-24,"http://www.accessdata.fda.gov/drugsatfda_docs/label/2015/020592s064,021086s042,021253s049lbl.pdf"
NDA021356,021356,2015-06-04,"http://www.accessdata.fda.gov/drugsatfda_docs/label/2015/021356s049,022577s007lbl.pdf"
NDA021366,021366,2015-06-04,http://www.accessdata.fda.gov/drugsatfda_docs/label/2015/021366s032lbl.pdf
NDA021425,021425,2015-07-09,"http://www.accessdata.fda.gov/drugsatfda_docs/label/2015/020220s041,021425s024lbl.pdf"
NDA021443,021443,2015-07-01,http://www.accessdata.fda.gov/drugsatfda_docs/label/2015/021443s009lbl.pdf
NDA021450,021450,2015-06-15,http://www.accessdata.fda.gov/drugsatfda_docs/label/2015/021450s008lbl.pdf
NDA021463,021463,2015-05-13,http://www.accessdata.fda.gov/drugsatfda_docs/label/2015/021463s017lbl.pdf
NDA021493,021493,2015-05-27,http://www.accessdata.fda.gov/drugsatfda_docs/label/2015/021493s010lbl.pdf
NDA021505,021505,2009-05-13,"http://www.accessdata.fda.gov/drugsatfda_docs/label/2009/021035s078s080,021505s021s024lbl.pdf "
NDA021505,021505,2009-05-13,"http://www.accessdata.fda.gov/drugsatfda_docs/label/2009/021035s078s080,021505s021s024lbl.pdf "
NDA021543,021543,2015-05-13,http://www.accessdata.fda.gov/drugsatfda_docs/label/2015/021543s011lbl.pdf
NDA021567,021567,2015-12-10,"http://www.accessdata.fda.gov/drugsatfda_docs/label/2015/206352s003,021567s038lbl.pdf"
NDA021698,021698,2015-11-25,http://www.accessdata.fda.gov/drugsatfda_docs/label/2015/021698Orig1s020lbl.pdf
NDA021777,021777,2013-06-11,http://www.accessdata.fda.gov/drugsatfda_docs/label/2013/021777Orig1s006s009lbl.pdf
NDA021794,021794,2015-07-24,http://www.accessdata.fda.gov/drugsatfda_docs/label/2015/021794s013lbl.pdf
NDA021845,021845,2015-05-12,"http://www.accessdata.fda.gov/drugsatfda_docs/label/2015/021845s016,022473s010,203109s009lbl.pdf"
NDA021897,021897,2015-12-10,http://www.accessdata.fda.gov/drugsatfda_docs/label/2015/021897s029lbl.pdf
NDA021906,021906,2015-07-01,"http://www.accessdata.fda.gov/drugsatfda_docs/label/2015/021906s042,021251s049lbl.pdf"
NDA021926,021926,2015-05-21,http://www.accessdata.fda.gov/drugsatfda_docs/label/2015/021926s011s012lbl.pdf
NDA021952,021952,2015-12-11,http://www.accessdata.fda.gov/drugsatfda_docs/label/2015/021952Orig1s012lbl.pdf
NDA021976,021976,2015-05-29,"http://www.accessdata.fda.gov/drugsatfda_docs/label/2015/021976s036,202895s013lbl.pdf"
NDA021993,021993,2015-12-01,"http://www.accessdata.fda.gov/drugsatfda_docs/label/2015/021993Orig1s013, 020704Orig1s028lbl.pdf"
NDA021995,021995,2015-05-04,http://www.accessdata.fda.gov/drugsatfda_docs/label/2015/021995s033lbl.pdf
NDA022027,022027,2012-06-22,"http://www.accessdata.fda.gov/drugsatfda_docs/label/2012/022003Orig1s011,s012,022027Orig1s002,s003ltr.pdf"
NDA022044,022044,2015-05-04,http://www.accessdata.fda.gov/drugsatfda_docs/label/2015/022044s034lbl.pdf
NDA022107,022107,2015-12-28,http://www.accessdata.fda.gov/drugsatfda_docs/label/2015/022107s026lbl.pdf
NDA022116,022116,2015-07-22,"http://www.accessdata.fda.gov/drugsatfda_docs/label/2015/021548s035,022116s019lbl.pdf"
NDA022117,022117,2015-03-17,http://www.accessdata.fda.gov/drugsatfda_docs/label/2015/022117s017s018s019lbl.pdf
NDA022117,022117,2015-03-17,http://www.accessdata.fda.gov/drugsatfda_docs/label/2015/022117s017s018s019lbl.pdf
NDA022180,022180,2009-07-02,http://www.accessdata.fda.gov/drugsatfda_docs/label/2009/022180lbl.pdf 
NDA022204,022204,2015-07-13,http://www.accessdata.fda.gov/drugsatfda_docs/label/2015/022204s009lbl.pdf
NDA022219,022219,2015-05-13,http://www.accessdata.fda.gov/drugsatfda_docs/label/2015/022219s005lbl.pdf
NDA022224,022224,2015-04-27,http://www.accessdata.fda.gov/drugsatfda_docs/label/2015/022224Orig1s011lbl.pdf
NDA022254,022254,2015-07-13,"http://www.accessdata.fda.gov/drugsatfda_docs/label/2015/022253s030,022254s022,022255s016lbl.pdf"
NDA022266,022266,2015-01-09,http://www.accessdata.fda.gov/drugsatfda_docs/label/2014/022266s014lbl.pdf
NDA022283,022283,2015-06-18,http://www.accessdata.fda.gov/drugsatfda_docs/label/2015/022283Orig1s001bll.pdf
NDA022307,022307,2015-07-09,http://www.accessdata.fda.gov/drugsatfda_docs/label/2015/022307s012lbl.pdf
NDA022309,022309,2015-05-13,http://www.accessdata.fda.gov/drugsatfda_docs/label/2015/022309s014lbl.pdf
NDA022325,022325,2015-03-17,http://www.accessdata.fda.gov/drugsatfda_docs/label/2015/022325s009lbl.pdf
NDA022327,022327,2015-07-02,http://www.accessdata.fda.gov/drugsatfda_docs/label/2015/022327Orig1s022lbl.pdf
NDA022331,022331,2015-06-10,http://www.accessdata.fda.gov/drugsatfda_docs/label/2015/022331s015lbl.pdf
NDA022334,022334,2015-05-27,http://www.accessdata.fda.gov/drugsatfda_docs/label/2015/022334s030lbl.pdf
NDA022345,022345,2015-05-29,http://www.accessdata.fda.gov/drugsatfda_docs/label/2015/022345s010lbl.pdf
NDA022360,022360,2015-04-21,http://www.accessdata.fda.gov/drugsatfda_docs/label/2015/022360Orig1s009lbl.pdf
NDA022424,022424,2015-05-20,http://www.accessdata.fda.gov/drugsatfda_docs/label/2015/022424Orig1s00lbl.pdf
BLA022505,022505,2020-03-23,http://www.accessdata.fda.gov/drugsatfda_docs/label/2015/022505s007lbl.pdf
NDA022511,022511,2015-05-08,http://www.accessdata.fda.gov/drugsatfda_docs/label/2015/022511s015lbl.pdf
NDA022511,022511,2015-06-23,http://www.accessdata.fda.gov/drugsatfda_docs/label/2015/022511s016lbl.pdf
NDA022527,022527,2015-05-04,http://www.accessdata.fda.gov/drugsatfda_docs/label/2015/022527s013lbl.pdf
NDA022568,022568,2015-07-22,"http://www.accessdata.fda.gov/drugsatfda_docs/label/2015/020690s039,021720s012,022568s008lbl.pdf"
BLA022575,022575,2020-03-23,http://www.accessdata.fda.gov/drugsatfda_docs/label/2015/022575s017lbl.pdf
NDA022577,022577,2015-06-04,"http://www.accessdata.fda.gov/drugsatfda_docs/label/2015/021356s049,022577s007lbl.pdf"
ANDA040281,040281,2004-06-07,http://www.accessdata.fda.gov/drugsatfda_docs/anda/98/40281_Hydrocodone%20Bitarttate%20and%20Acetaminophen_Prntlbl.pd
ANDA040308,040308,2004-06-07,http://www.accessdata.fda.gov/drugsatfda_docs/anda/2000/40308_Hydrocodone%20Bitartrate%20and%20Acetaminophen_Prntlbl.
ANDA040309,040309,2004-06-07,http://www.accessdata.fda.gov/drugsatfda_docs/anda/2000/40309_Hydrocodone%20Bitartrate%20and%20Acetaminophen_Prntlbl.
ANDA040422,040422,2015-05-21,http://www.accessdata.fda.gov/drugsatfda_docs/label/2015/040422s038lbl.pdf
NDA050007,050007,2015-05-07,http://www.accessdata.fda.gov/drugsatfda_docs/label/2015/050007s029lbl.pdf
NDA050405,050405,2015-11-04,http://www.accessdata.fda.gov/drugsatfda_docs/label/2015/050405s106lbl.pdf
NDA050591,050591,2015-12-15,http://www.accessdata.fda.gov/drugsatfda_docs/label/2015/050591s033lbl.pdf
NDA050605,050605,2015-07-01,"http://www.accessdata.fda.gov/drugsatfda_docs/label/2015/050605s047,050672s033lbl.pdf"
NDA050672,050672,2015-07-01,"http://www.accessdata.fda.gov/drugsatfda_docs/label/2015/050605s047,050672s033lbl.pdf"
NDA050709,050709,2015-05-21,"http://www.accessdata.fda.gov/drugsatfda_docs/label/2015/050708s045,050709s038lbl.pdf"
NDA050722,050722,2015-07-13,"http://www.accessdata.fda.gov/drugsatfda_docs/label/2015/050722s033,050723s032,050758s030,050759s038lbl.pdf"
NDA050723,050723,2015-07-13,"http://www.accessdata.fda.gov/drugsatfda_docs/label/2015/050722s033,050723s032,050758s030,050759s038lbl.pdf"
NDA050749,050749,2015-11-19,"http://www.accessdata.fda.gov/drugsatfda_docs/label/2015/050739s017,050749s023lbl.pdf"
NDA050750,050750,2015-12-29,"http://www.accessdata.fda.gov/drugsatfda_docs/label/2015/050684s083,050750s033lbl.pdf"
NDA050759,050759,2015-07-13,"http://www.accessdata.fda.gov/drugsatfda_docs/label/2015/050722s033,050723s032,050758s030,050759s038lbl.pdf"
NDA050767,050767,2015-07-16,"http://www.accessdata.fda.gov/drugsatfda_docs/label/2015/050680s011,050767s012lbl.pdf"
NDA050780,050780,2015-05-04,http://www.accessdata.fda.gov/drugsatfda_docs/label/2015/050780s019lbl.pdf
NDA050794,050794,2015-12-24,http://www.accessdata.fda.gov/drugsatfda_docs/label/2015/050794s028lbl.pdf
NDA050795,050795,2015-06-10,http://www.accessdata.fda.gov/drugsatfda_docs/label/2015/050795s018lbl.pdf
NDA050797,050797,2015-07-06,http://www.accessdata.fda.gov/drugsatfda_docs/label/2015/050797s019lbl.pdf
NDA050823,050823,2015-05-21,http://www.accessdata.fda.gov/drugsatfda_docs/label/2015/050823s004lbl.pdf
ANDA074976,074976,1998-04-13,http://www.accessdata.fda.gov/drugsatfda_docs/anda/98/74-976_Acyclovir.htm
ANDA075147,075147,1998-11-27,http://www.accessdata.fda.gov/drugsatfda_docs/anda/98/75-147_Isosorbide.htm
ANDA075547,075547,2015-07-30,http://www.accessdata.fda.gov/drugsatfda_docs/label/2015/075547Orig1s006lbl.pdf
ANDA075909,075909,2004-06-03,http://www.accessdata.fda.gov/drugsatfda_docs/anda/2001/75-909_Enalapril%20Maleate%20and%20Hydrochlorothiazide_Prntlb
ANDA076657,076657,2015-07-17,http://www.accessdata.fda.gov/drugsatfda_docs/label/2015/076657s017s021s025lbl.pdf
ANDA076657,076657,2015-07-17,http://www.accessdata.fda.gov/drugsatfda_docs/label/2015/076657s017s021s025lbl.pdf
ANDA078003,078003,2015-02-17,http://www.accessdata.fda.gov/drugsatfda_docs/label/2015/078003Orig1s000lbl.pdf
ANDA078279,078279,2015-11-25,http://www.accessdata.fda.gov/drugsatfda_docs/label/2015/078279Orig1s000lbl.pdf
ANDA084349,084349,2015-04-23,http://www.accessdata.fda.gov/drugsatfda_docs/label/2015/084349Orig1s074lbl.pdf
ANDA084427,084427,2015-04-23,http://www.accessdata.fda.gov/drugsatfda_docs/label/2015/084427Orig1s032lbl.pdf
ANDA090816,090816,2015-07-16,http://www.accessdata.fda.gov/drugsatfda_docs/label/2015/090816s000lbl.pdf
ANDA090848,090848,2015-07-22,http://www.accessdata.fda.gov/drugsatfda_docs/label/2015/090848Orig1s000lbl.pdf
BLA103132,103132,2015-05-27,http://www.accessdata.fda.gov/drugsatfda_docs/label/2015/103132s5191lbl.pdf
BLA103471,103471,2015-12-28,http://www.accessdata.fda.gov/drugsatfda_docs/label/2015/103471s5188lbl.pdf
BLA103628,103628,2004-03-11,http://www.accessdata.fda.gov/drugsatfda_docs/label/2003/ifnbbio013103LB.htm
BLA103764,103764,2004-03-29,http://www.accessdata.fda.gov/drugsatfda_docs/label/2003/basnov010203LB.htm
BLA103772,103772,2009-04-20,http://www.accessdata.fda.gov/drugsatfda_docs/label/2008/103772s5232lbl.pdf
BLA103780,103780,2015-12-28,http://www.accessdata.fda.gov/drugsatfda_docs/label/2015/103780s5194lbl.pdf
BLA103792,103792,2004-03-15,http://www.accessdata.fda.gov/drugsatfda_docs/label/2000/trasgen020900LB.htm
BLA103909,103909,2004-03-29,https://web.archive.org/web/20160803130402/http://www.fda.gov/Drugs/DevelopmentApprovalProcess/HowDrugsareDevelopedandApproved/ApprovalApplications/TherapeuticBiologicApplications/ucm093370.htm
BLA103946,103946,2015-05-27,http://www.accessdata.fda.gov/drugsatfda_docs/label/2015/103946s5095lbl.pdf
BLA103949,103949,2004-03-25,http://www.accessdata.fda.gov/drugsatfda_docs/label/2001/pegsche080701LB.htm
BLA103964,103964,2004-03-25,http://www.accessdata.fda.gov/drugsatfda_docs/label/2002/pegihof101602LB.htm
BLA125057,125057,2004-03-16,http://www.accessdata.fda.gov/drugsatfda_docs/label/2002/adalabb123102LB.htm
BLA125085,125085,2015-05-08,http://www.accessdata.fda.gov/drugsatfda_docs/label/2015/125085s308lbl.pdf
BLA125104,125104,2015-05-13,http://www.accessdata.fda.gov/drugsatfda_docs/label/2015/125104s950lbl.pdf
BLA125289,125289,2015-06-19,http://www.accessdata.fda.gov/drugsatfda_docs/label/2015/125289s024lbl.pdf
BLA125338,125338,2015-05-21,http://www.accessdata.fda.gov/drugsatfda_docs/label/2015/125338s085s087s088lbl.pdf
BLA125427,125427,2015-06-04,http://www.accessdata.fda.gov/drugsatfda_docs/label/2015/125427s087lbl.pdf
BLA125431,125431,2015-05-08,http://www.accessdata.fda.gov/drugsatfda_docs/label/2015/125431s009lbl.pdf
ANDA200652,200652,2015-05-07,http://www.accessdata.fda.gov/drugsatfda_docs/label/2015/200652Orig1s000lbl.pdf
NDA201635,201635,2015-06-05,http://www.accessdata.fda.gov/drugsatfda_docs/label/2015/201635s007lbl.pdf
NDA202022,202022,2015-05-07,http://www.accessdata.fda.gov/drugsatfda_docs/label/2015/202022s009lbl.pdf
NDA202057,202057,2015-06-24,http://www.accessdata.fda.gov/drugsatfda_docs/label/2015/202057s012lbl.pdf
NDA202080,202080,2015-02-13,http://www.accessdata.fda.gov/drugsatfda_docs/label/2015/202080Orig1s003lbl.pdf
ANDA202101,202101,2015-04-29,http://www.accessdata.fda.gov/drugsatfda_docs/label/2015/202101s000lbl.pdf
NDA202106,202106,2015-05-06,http://www.accessdata.fda.gov/drugsatfda_docs/label/2015/202106lbl.pdf
NDA202270,202270,2015-05-04,http://www.accessdata.fda.gov/drugsatfda_docs/label/2015/202270s009lbl.pdf
NDA202276,202276,2015-06-05,http://www.accessdata.fda.gov/drugsatfda_docs/label/2015/202276s010lbl.pdf
ANDA202565,202565,2015-05-07,http://www.accessdata.fda.gov/drugsatfda_docs/label/2015/202565Orig1s000lbl.pdf
ANDA202662,202662,2015-11-25,http://www.accessdata.fda.gov/drugsatfda_docs/label/2015/202662Orig1s000lbl.pdf
NDA202714,202714,2015-07-24,http://www.accessdata.fda.gov/drugsatfda_docs/label/2015/202714s009lbl.pdf
NDA202763,202763,2015-05-13,http://www.accessdata.fda.gov/drugsatfda_docs/label/2015/202763s003lbl.pdf
NDA202880,202880,2015-02-17,http://www.accessdata.fda.gov/drugsatfda_docs/label/2015/202880Orig1s003lbl.pdf
NDA202971,202971,2015-07-30,http://www.accessdata.fda.gov/drugsatfda_docs/label/2015/202971s006lbl.pdf
NDA203093,203093,2015-07-30,http://www.accessdata.fda.gov/drugsatfda_docs/label/2015/203093s002lbl.pdf
NDA203098,203098,2015-05-13,http://www.accessdata.fda.gov/drugsatfda_docs/label/2015/203098s006lbl.pdf
NDA203100,203100,2015-07-30,http://www.accessdata.fda.gov/drugsatfda_docs/label/2015/203100s016lbl.pdf
NDA203214,203214,2015-06-23,http://www.accessdata.fda.gov/drugsatfda_docs/label/2015/203214s010lbl.pdf
NDA203388,203388,2015-05-27,http://www.accessdata.fda.gov/drugsatfda_docs/label/2015/203388s005s006s007s008lbl.pdf
NDA203388,203388,2015-05-27,http://www.accessdata.fda.gov/drugsatfda_docs/label/2015/203388s005s006s007s008lbl.pdf
NDA203415,203415,2015-07-22,http://www.accessdata.fda.gov/drugsatfda_docs/label/2015/203415s005lbl.pdf
NDA203479,203479,2015-12-10,"http://www.accessdata.fda.gov/drugsatfda_docs/label/2015/021590s028,203479s009lbl.pdf"
NDA204016,204016,2015-12-31,http://www.accessdata.fda.gov/drugsatfda_docs/label/2015/204016s000lbl.pdf
NDA204031,204031,2015-03-17,http://www.accessdata.fda.gov/drugsatfda_docs/label/2015/204031s001lbl.pdf
NDA204150,204150,2015-05-21,http://www.accessdata.fda.gov/drugsatfda_docs/label/2015/204150s003lbl.pdf
NDA204275,204275,2015-05-04,http://www.accessdata.fda.gov/drugsatfda_docs/label/2015/204275s001lbl.pdf
NDA204399,204399,2015-05-13,http://www.accessdata.fda.gov/drugsatfda_docs/label/2015/204399s002lbledt.pdf
NDA204410,204410,2015-05-04,http://www.accessdata.fda.gov/drugsatfda_docs/label/2015/204410s003lbl.pdf
NDA204426,204426,2015-07-24,http://www.accessdata.fda.gov/drugsatfda_docs/label/2015/204426s001lbl.pdf
NDA204629,204629,2015-07-01,http://www.accessdata.fda.gov/drugsatfda_docs/label/2015/204629s001s002s003lbl.pdf
NDA204629,204629,2015-07-01,http://www.accessdata.fda.gov/drugsatfda_docs/label/2015/204629s001s002s003lbl.pdf
NDA204640,204640,2015-12-28,http://www.accessdata.fda.gov/drugsatfda_docs/label/2015/204640s002lbl.pdf
NDA205123,205123,2015-12-10,http://www.accessdata.fda.gov/drugsatfda_docs/label/2015/205123s006lbl.pdf
NDA205352,205352,2015-10-29,http://www.accessdata.fda.gov/drugsatfda_docs/label/2015/205352Orig1s006lbl.pdf
ANDA205366,205366,2015-12-11,http://www.accessdata.fda.gov/drugsatfda_docs/label/2015/205366Orig1s000lbl.pdf
NDA205641,205641,2015-07-10,http://www.accessdata.fda.gov/drugsatfda_docs/label/2015/205641s002lbl.pdf
NDA205641,205641,2015-08-04,http://www.accessdata.fda.gov/drugsatfda_docs/label/2015/205641s004lbl.pdf
BLA205747,205747,2020-03-23,http://www.accessdata.fda.gov/drugsatfda_docs/label/2015/205747s000lbl.pdf
NDA205755,205755,2015-07-24,http://www.accessdata.fda.gov/drugsatfda_docs/label/2015/205755s003s004lbl.pdf
ANDA206129,206129,2015-08-26,http://www.accessdata.fda.gov/drugsatfda_docs/label/2015/206129Orig1s000lbl.pdf
ANDA206271,206271,2015-11-25,http://www.accessdata.fda.gov/drugsatfda_docs/label/2015/206271Orig1s000lbl.pdf
NDA206323,206323,2015-06-24,http://www.accessdata.fda.gov/drugsatfda_docs/label/2015/206323s000lbl.pdf
NDA206353,206353,2015-07-24,http://www.accessdata.fda.gov/drugsatfda_docs/label/2015/206353s001lbl.pdf
NDA206406,206406,2015-07-13,http://www.accessdata.fda.gov/drugsatfda_docs/label/2015/206406s000lbl.pdf
NDA206473,206473,2015-06-19,http://www.accessdata.fda.gov/drugsatfda_docs/label/2015/206473s000lbl.pdf
NDA206829,206829,2015-05-20,http://www.accessdata.fda.gov/drugsatfda_docs/label/2015/206829s001lbl.pdf
ANDA207042,207042,2016-02-11,http://www.accessdata.fda.gov/drugsatfda_docs/label/2015/207042lbl.pdf
NDA207931,207931,2015-07-24,http://www.accessdata.fda.gov/drugsatfda_docs/label/2015/207931Orig1s000lbl.pdf
NDA207958,207958,2015-08-04,http://www.accessdata.fda.gov/drugsatfda_docs/label/2015/207958s000lbl.pdf
NDA207986,207986,2015-12-15,http://www.accessdata.fda.gov/drugsatfda_docs/label/2015/207986s000lbl.pdf
NDA208194,208194,2016-08-02,http://www.accessdata.fda.gov/drugsatfda_docs/label/2016/208194s001s002lbl.pdf 
BLA125320,125320,2016-08-05,http://www.accessdata.fda.gov/drugsatfda_docs/2016/125320s178lbl.pdf
BLA125320,125320,2016-08-05,http://www.accessdata.fda.gov/drugsatfda_docs/2016/125320s178lbl.pdf
NDA050441,050441,2016-08-05,"http://www.accessdata.fda.gov/drugsatfda_docs/2016/050441s073,050639s034lbl.pdf"
NDA021436,021436,2016-08-18,"http://www.accessdata.fda.gov/drugsatfda_docs/label/2016/021436s041,021713s032,021729s024,021866s026lbl.pdf "
NDA021463,021463,2016-11-01,http://www.accessdata.fda.gov/drugsatfda_docs/label/2016/021463s018lbl.pdf
NDA017643,017643,2016-12-05,http://www.accessdata.fda.gov/drugsatfda_docs/2016/017643s076.pdf
NDA020716,020716,2016-12-21,http://www.accessdata.fda.gov/drugsatfda_docs/label/2016/020716s012lbl.pdf
BLA019764,019764,2020-03-23,http://www.accessdata.fda.gov/drugsatfda_docs/label/2016/019764s079lbl.pdf
ANDA206015,206015,2017-01-31,http://www.accessdata.fda.gov/drugsatfda_docs/label/2016/206015Orig1s000lbl.pdf
NDA019845,019845,2017-02-01,http://www.accessdata.fda.gov/drugsatfda_docs/label/2016/019845s025lbl.pdf
NDA205649,205649,2017-03-02,http://www.accessdata.fda.gov/drugsatfda_docs/label/2017/205649s006lbl.pdf 
NDA202293,202293,2017-03-02,http://www.accessdata.fda.gov/drugsatfda_docs/label/2017/202293s011lbl.pdf 
BLA761049,761049,2017-03-23,http://www.accessdata.fda.gov/drugsatfda_docs/label/2017/761049s000lbl.pdf 
NDA021228,021228,2017-04-05,http://www.accessdata.fda.gov/drugsatfda_docs/label/2007/021228Orig1s010lbl.pdf
NDA022051,022051,2017-04-12,http://www.accessdata.fda.gov/drugsatfda_docs/label/2017/022051Orig1s014ltr.pdf
NDA020220,020220,2017-04-12,"http://www.accessdata.fda.gov/drugsatfda_docs/label/2017/020220Orig1s042,021425Orig1s026ltr.pdf"
NDA019860,019860,2017-04-14,http://www.accessdata.fda.gov/drugsatfda_docs/label/2017/019860Orig1s032ltr.pdf
ANDA090681,090681,2017-05-15,http://www.accessdata.fda.gov/drugsatfda_docs/label/2016/090681Orig1s000lbl.pdf
NDA020478,020478,2017-05-17,http://www.accessdata.fda.gov/drugsatfda_docs/label/2015/020478Orig1S029.pdf
NDA021306,021306,2017-05-31,http://www.accessdata.fda.gov/drugsatfda_docs/label/2017/021306Orig1s030ltr.pdf
NDA008578,008578,2017-06-22,http://www.accessdata.fda.gov/drugsatfda_docs/label/pre96/008578s020lbl.pdf
NDA022262,022262,2017-08-15,http://www.accessdata.fda.gov/drugsatfda_docs/label/2017/022262Orig1s002ltr.pdf
NDA017919,017919,2017-08-21,"http://www.accessdata.fda.gov/drugsatfda_docs/label/2017/017735Orig1s118,017919Orig1s100,018985Orig1s064ltr.pdf"
NDA208624,208624,2017-11-13,http://www.accessdata.fda.gov/drugsatfda_docs/label/2017/208624Orig1s005ltr.pdf
NDA203697,203697,2017-11-27,http://www.accessdata.fda.gov/drugsatfda_docs/label/2017/203697Orig1s002ltr.pdf
ANDA084427,084427,2018-01-08,http://www.accessdata.fda.gov/drugsatfda_docs/label/2017/https://www.accessdata.fda.gov/drugsatfda_docs/label/2017/084427s039s041lbl.pdf
BLA125554,125554,2018-03-06,http://www.accessdata.fda.gov/drugsatfda_docs/label/2018/125554s061lbl.pdf
NDA022518,022518,2018-03-27,http://www.accessdata.fda.gov/drugsatfda_docs/label/2018/022518s024lbl.pdf
BLA103948,103948,2004-03-12,https://web.archive.org/web/20170222172020/http://www.fda.gov/downloads/Drugs/DevelopmentApprovalProcess/HowDrugsareDevelopedandApproved/ApprovalApplications/TherapeuticBiologicApplications/ucm088606.
NDA020076,020076,2018-07-06,http://www.accessdata.fda.gov/drugsatfda_docs/label/2018/020076Orig1s049lbl.pdf
NDA022015,022015,2018-08-27,http://www.accessdata.fda.gov/drugsatfda_docs/label/2018/022015Orig1s0333Lbl.pdf
NDA207920,207920,2018-11-27,https://www.accessdata.fda.gov/drugsatfda_docs/label/2015/207920Orig1s000lbl.pdf
BLA761054,761054,2018-12-10,http://www.accessdata.fda.gov/drugsatfda_docs/label/2017/761054Orig1s000TOC.cfm
NDA207968,207968,2018-12-14,http://www.accessdata.fda.gov/drugsatfda_docs/label/2018/207968s004s006lbl
NDA207968,207968,2018-12-14,http://www.accessdata.fda.gov/drugsatfda_docs/label/2018/207968s004s006lbl
NDA020741,020741,2019-01-23,http://www.accessdata.fda.gov/drugsatfda_docs/label/1997/020741s044lbl.pdf
NDA022565,022565,2019-07-10,http://www.accessdata.fda.gov/drugsatfda_docs/label/2019/022113Orig1s007; 022565Orig1s005lbl.pdf
NDA022113,022113,2019-07-10,http://www.accessdata.fda.gov/drugsatfda_docs/label/2019/022113Orig1s007; 022565Orig1s005lbl.pdf
BLA761125,761125,2019-10-08,https://www.accessdata.fda.gov/drugsatfda_docs/label/2019/761125s000lbl.pdf  
BLA103000,103000,2019-12-12,http://www.accessdata.fda.gov/drugsatfda_docs/label/2018/103000s5308lbl.pdf
BLA021536,021536,2020-03-23,http://www.accessdata.fda.gov/drugsatfda_docs/label/2019/021536s056lbl.pdf
NDA208447,208447,2020-04-29,http://www.accessdata.fda.gov/drugsatfda_docs/label/2020/208447s015s017lbl.pdf
NDA022251,022251,2020-09-11,"http://www.accessdata.fda.gov/drugsatfda_docs/label/2020/https://www.accessdata.fda.gov/drugsatfda_docs/label/2020/020241Orig1s061ltr,020764Orig1s054,022251Orig1s025lbl.pdf"
BLA761073,761073,2020-10-21,http://www.accessdata.fda.gov/drugsatfda_docs/label/2019/761073Orig1s001lbl.pdf
ANDA212347,212347,2020-10-30,http://www.accessdata.fda.gov/drugsatfda_docs/label/2020/212347Orig1s000ltr.pdf
NDA021462,021462,2020-12-23,http://www.accessdata.fda.gov/drugsatfda_docs/label/2018/021462Orig1s052lbl.pdf
BLA021765,021765,2020-12-31,http://www.accessdata.fda.gov/drugsatfda_docs/label/2020021765s013s014s044lbl.pdf
NDA019429,019429,2021-05-03,http://www.accessdata.fda.gov/drugsatfda_docs/label/2021/019429s044s045lbl.pdf
NDA019429,019429,2021-05-03,http://www.accessdata.fda.gov/drugsatfda_docs/label/2021/019429s044s045lbl.pdf
NDA022006,022006,2021-10-21,"https://www.accessdata.fda.gov/drugsatfda_docs/label/2021/ 020427s025,022006s026lbl.pdf"
BLA761180,761180,2021-12-28,http://www.accessdata.fda.gov/drugsatfda_docs/label/2021/761180s001lbl.pdf
